Student number,Assignment 1,Assignment 2,Assignment 3,Assignment 4,Assignment 5,Assignment 6,Assignment 7,Assignment 8,Test 1,Test 2,Test 3,Test 4,Final Mark
,15,20,20,10,10,20,15,15,35,30,35,45,100
31713386,11,16,14,8,8,16,9,12,,25,32,41,80
31799337,,10,11,5,,10,8,8,18,16,18,24,45
31708463,5,9,,5,5,8,7,8,10,17,18,22,45
31708307,8,10,9,5,,10,7,,18,14,,22,40
31754937,,11,15,6,,11,9,8,21,20,22,25,51
31796370,8,9,9,6,6,12,7,10,16,16,14,18,52
31702000,9,12,12,,6,,,9,20,18,21,27,45
31799728,10,13,14,7,7,12,11,,20,20,20,27,60
31796680,,14,12,6,6,13,9,9,20,20,,,50
31788890,12,20,19,,9,20,13,13,32,26,28,42,84
31717349,10,11,12,7,7,14,9,10,,17,23,28,64
31767028,7,10,10,5,5,10,,7,15,15,16,23,45
31707920,4,6,5,2,3,5,4,4,10,8,9,11,27
31790747,8,7,6,2,3,9,7,7,10,11,17,15,40
31790510,6,10,12,5,5,11,7,7,13,12,18,17,45
31763545,9,8,16,4,4,14,6,8,26,,16,13,52
31752934,2,4,,4,3,8,,,13,7,12,13,24
31764150,7,11,12,5,7,13,8,,,14,20,26,51
31708889,,14,13,6,7,11,10,11,22,19,22,26,59
31717853,12,19,,8,9,16,12,12,,24,27,36,75
31711359,,,18,9,9,20,14,15,34,27,30,41,78
31790674,7,,10,3,4,6,6,,14,12,19,24,35
31703429,8,17,12,6,,13,7,9,19,13,20,37,58
31725244,7,11,9,,6,10,,,13,13,19,16,35
31752910,7,,9,4,4,8,,6,,13,15,16,35
31782361,9,14,14,6,6,,,11,24,23,24,31,57
31755224,6,10,9,4,5,11,5,8,19,18,20,28,51
31747860,,14,11,5,4,11,10,10,,25,20,,50
31770509,6,8,9,4,4,9,5,7,14,12,16,,40
31774450,11,16,15,7,8,15,12,10,23,23,26,28,74
31721710,10,12,12,6,7,12,8,10,20,20,19,27,62
31759033,11,,14,7,8,14,,11,24,,25,35,61
31707084,8,,9,3,5,7,,7,14,12,12,21,35
31794297,10,9,12,7,5,11,9,7,22,13,23,21,57
31705766,8,11,,5,6,12,7,9,20,17,20,,51
31782140,12,16,18,9,,15,,12,31,23,,42,71
31718240,7,,10,,4,10,8,7,18,15,19,23,40
31708013,8,7,8,5,3,7,6,7,16,14,17,22,45
31748449,9,14,14,7,8,13,10,11,22,,26,28,68
31741371,9,11,11,5,6,11,,8,,,21,27,45
31740650,10,10,15,7,7,13,10,10,24,14,26,34,69
31779727,9,12,12,6,6,,9,9,21,,21,28,55
31754740,3,5,,4,2,6,4,5,9,9,9,,25
31782671,5,10,,4,4,10,6,7,,12,17,,35
31784340,6,8,7,4,4,7,5,6,14,12,14,17,40
31796915,4,5,8,1,2,8,3,5,8,8,15,12,29
31738648,7,8,8,4,5,,7,8,15,13,13,21,40
31778364,10,10,11,6,7,12,10,9,25,15,20,24,61
31780930,5,,10,5,6,12,9,8,,17,17,,40
31798829,8,10,11,8,6,13,6,,23,19,24,32,57
31731376,9,10,,5,7,12,11,11,18,18,18,32,57
31770533,10,11,12,7,7,11,11,10,26,26,26,38,71
31784615,8,11,11,5,,10,7,,20,,17,26,45
31758088,11,,,7,7,14,10,11,,21,27,32,60
31754201,,12,13,6,6,13,10,9,,19,24,28,58
31794807,,14,,5,6,12,8,,20,15,15,30,45
31784984,4,4,5,2,3,8,3,6,13,5,14,,29
31784860,,9,,,5,11,7,8,23,18,21,24,40
31702376,8,14,9,4,5,13,11,8,23,19,19,29,59
31733417,11,13,13,7,7,14,9,11,22,21,23,33,69
31773311,9,12,12,6,6,12,9,9,21,19,22,28,61
31731171,11,16,14,7,7,,10,10,23,19,24,33,65
31742203,,15,14,7,7,14,11,12,28,25,27,33,70
31714153,11,12,13,7,7,12,11,11,24,19,16,26,66
31731090,10,,13,7,7,13,9,9,24,21,25,27,62
31780385,6,,10,5,5,9,8,7,16,14,17,20,45
31797547,,8,8,4,5,9,7,,15,11,14,18,35
31743358,8,11,11,5,5,11,9,8,20,17,20,26,55
31786278,,15,10,5,4,10,10,9,27,12,15,,51
31798322,7,10,12,6,5,9,,8,,,19,24,40
31767508,5,7,9,5,4,8,,6,16,11,,,33
31766110,8,,13,6,4,8,,9,,14,20,26,45
31720927,,10,14,6,6,11,,8,13,15,18,17,45
31760465,8,11,15,5,6,14,8,8,18,22,20,27,60
31786723,,13,14,6,7,13,11,,27,21,24,,58
31752039,8,,10,6,,11,9,8,19,,19,27,45
31765572,9,12,14,5,6,12,9,9,22,19,21,28,61
31721869,9,13,13,7,6,13,9,9,21,18,19,25,61
31732992,11,12,12,7,,13,7,7,,18,,28,50
31720889,7,,6,2,4,10,5,7,17,22,24,17,45
31794777,7,10,10,5,5,9,8,8,17,14,19,27,51
31712584,,14,,8,8,13,10,10,26,18,,33,59
31765882,10,12,12,,,11,9,8,22,17,,28,50
31758959,6,8,8,4,4,7,,5,13,12,,17,35
31709567,10,11,14,6,6,11,10,9,20,19,25,31,64
31783627,,14,12,,6,12,10,10,24,15,24,29,55
31739900,10,,12,6,7,14,10,10,,20,25,30,61
31775349,8,,11,6,6,12,9,8,21,16,,25,52
31768679,13,14,16,8,8,15,13,,,22,27,39,73
31788904,12,14,15,7,7,,10,10,24,18,28,23,65
31713076,7,7,14,,6,9,8,6,17,,19,31,50
31725783,10,13,12,,6,9,9,9,17,15,19,26,53
31762468,5,8,6,4,3,7,4,5,,9,14,,30
31784542,7,10,,5,6,9,10,6,18,12,21,21,50
31792502,6,6,7,7,7,11,8,5,16,18,24,19,52
31782450,,11,11,5,5,11,8,8,19,16,19,24,50
31715907,12,15,17,7,8,17,12,11,29,27,27,36,81
31752659,14,16,17,8,8,17,,11,28,25,31,42,78
31776949,12,13,13,9,8,18,,,26,,28,33,65
31727646,8,11,11,5,5,11,8,8,,,18,23,45
31724582,9,10,,,,9,8,5,17,12,14,18,35
31718434,9,12,,7,6,13,9,9,26,17,26,26,60
31737048,10,14,,8,7,15,9,9,20,17,20,,59
31745997,8,12,7,5,5,9,7,8,,,16,22,45
31746764,11,16,15,7,,15,9,,25,14,22,39,61
31790399,11,12,14,7,8,15,9,8,17,,,,50
31752772,11,11,10,6,6,13,10,10,21,21,,,55
31779875,8,9,11,5,5,9,8,7,16,13,19,20,50
31770347,11,11,12,5,5,11,7,8,20,16,20,24,56
31789811,7,7,8,5,,9,7,8,11,21,10,,40
31732771,9,12,14,,7,16,11,,,21,28,34,60
31755720,9,17,15,7,6,14,9,,24,,26,33,64
31749054,12,14,17,3,6,7,8,9,21,,21,,52
31780849,4,8,6,5,6,,,,11,11,14,20,31
31773613,9,15,13,5,7,,9,9,22,16,22,,57
31706420,7,12,11,,6,10,9,7,20,15,,27,50
31799906,12,15,15,7,7,18,11,12,34,28,31,32,83
31717063,12,15,15,6,7,14,11,11,29,24,21,31,74
31709109,,,18,9,9,18,,13,31,26,32,40,68
31740626,6,9,8,5,5,8,7,6,16,13,16,21,45
31713068,7,9,9,5,4,8,7,6,14,14,17,22,45
31717756,9,13,14,6,6,13,,9,23,17,20,29,58
31745709,7,9,10,6,6,10,9,5,24,20,22,25,56
31752616,,12,6,2,,3,6,5,11,13,,24,31
31752845,10,13,12,8,5,14,9,9,21,,21,24,62
31740359,15,,16,7,,17,11,12,26,27,23,32,67
31730892,4,6,6,,2,6,4,,9,9,9,10,23
31702295,,15,11,,6,13,,10,22,18,18,32,50
31710794,7,,14,6,4,13,10,9,20,8,27,26,56
31777627,11,14,12,8,8,,11,9,27,22,23,26,66
31791107,,12,13,5,6,13,10,8,21,22,23,28,58
31714447,,13,14,8,8,15,9,10,24,26,21,27,66
31728480,7,11,6,5,5,8,8,8,13,,18,17,45
31704689,5,6,,,4,9,5,7,18,10,,18,33
31728057,9,12,12,6,6,12,9,9,21,19,20,28,61
31743196,7,10,9,5,5,10,9,7,17,15,15,,50
31764460,7,10,11,5,6,,7,7,,12,13,25,45
31798667,8,12,9,6,6,12,6,5,19,14,14,19,50
31745930,7,11,8,4,3,8,5,,13,13,13,22,40
31772854,,6,,0,3,8,,8,12,8,11,17,25
31793789,4,,6,3,4,5,3,,7,7,,12,22
31799380,11,,11,7,6,13,10,10,26,20,28,25,63
31762460,7,10,11,5,,12,7,7,,9,13,25,45
31770525,11,14,11,8,7,13,11,11,23,,,,53
31779522,5,10,10,4,3,,6,7,14,,12,22,40
31751334,1,6,6,2,2,,,5,8,9,9,12,21
31783171,10,14,13,7,7,13,11,9,23,22,24,30,68
31729932,9,10,,7,6,16,11,10,21,23,,33,62
31794947,2,9,4,2,,9,5,5,9,4,5,,23
31765122,9,12,12,7,7,12,10,10,,20,,28,57
31795250,6,9,9,4,4,8,7,7,15,13,14,17,45
31768261,6,9,9,5,4,9,8,8,18,14,17,,45
31756484,2,5,3,2,1,8,,3,12,7,9,8,21
31731058,10,13,15,7,7,15,9,13,28,24,31,31,75
31779212,6,9,,,4,8,5,6,14,11,14,,33
31756832,6,9,9,5,5,10,7,8,,13,18,19,45
31765491,5,6,7,3,4,7,,5,11,11,12,16,32
31740456,9,16,18,10,7,13,13,11,22,19,28,40,78
31704379,6,,10,5,5,8,8,8,21,12,18,21,45
31760244,6,7,7,4,4,8,5,6,13,11,14,,40
31772358,12,16,15,8,8,16,,12,26,,27,34,72
31717993,7,13,,6,6,15,11,11,,14,,36,51
31715028,5,6,10,4,4,8,5,7,16,11,16,21,40
31746004,7,,10,5,7,8,7,9,,,17,18,40
31763890,8,11,12,5,5,10,8,8,19,15,21,29,55
31745784,12,17,19,8,10,15,14,15,35,28,35,37,92
31702996,5,13,13,6,6,,11,10,24,17,28,20,58
31796281,13,15,19,8,,,14,13,,24,23,36,68
31779867,9,11,12,6,5,9,9,9,22,18,22,,58
31720544,9,14,12,6,7,11,5,6,14,18,12,21,53
31792464,9,10,12,6,7,14,8,8,,14,19,21,56
31727409,6,8,7,4,4,7,5,,10,12,13,15,34
31749437,9,10,10,4,4,10,7,8,23,13,16,22,50
31745326,,12,12,6,6,12,,8,22,,18,30,50
31727557,7,11,10,5,6,11,9,7,18,18,20,23,54
31729371,6,,8,,,8,5,6,10,8,13,15,27
31705472,8,11,11,7,5,12,9,,,14,20,25,51
31753124,11,,12,7,6,16,12,7,24,22,24,27,63
31725945,7,14,14,6,7,15,9,8,18,21,21,33,65
31733212,8,10,9,5,,,7,7,14,14,,22,40
31723837,7,8,12,3,6,9,4,6,10,13,20,25,45
31749887,9,12,15,6,7,13,9,10,21,,23,30,64
31729037,13,,15,9,8,17,12,14,29,22,28,,76
31770870,10,13,14,7,4,14,10,9,20,24,23,24,65
31787657,10,15,15,7,8,15,13,,25,21,29,34,70
31748360,8,10,14,7,4,13,9,8,30,23,20,26,63
31738885,10,14,14,6,7,13,10,,24,19,,30,61
31769799,9,11,13,6,6,12,8,9,17,19,17,34,60
31797900,12,15,15,,8,14,10,,26,20,26,,62
31780760,7,15,13,7,7,12,10,12,,,26,,52
31784569,6,8,8,4,4,8,6,6,,12,14,17,40
31786863,7,9,11,,6,11,9,8,,16,19,25,50
31721524,3,4,3,,2,4,2,3,6,4,6,7,16
31764991,6,8,8,4,4,9,6,6,17,13,15,,40
31721640,7,,7,,3,8,7,5,14,9,12,19,33
31761852,15,,20,9,10,17,14,14,35,28,35,45,89
31727573,11,15,13,7,8,18,11,13,,,24,36,67
31706002,11,15,16,7,,16,11,,29,25,24,33,65
31771920,9,13,12,6,6,13,9,,,17,,26,50
31750508,9,11,14,6,5,14,,12,23,27,21,36,64
31781144,4,5,10,6,6,8,9,6,23,16,18,24,50
31739628,1,5,4,2,2,1,4,1,5,3,0,12,17
31772765,9,13,,5,,,8,8,19,15,18,35,45
31775594,6,,13,4,,12,10,8,19,,23,28,50
31763251,7,9,12,,4,8,9,7,19,17,22,21,50
31715020,8,5,8,4,5,7,4,5,19,8,22,19,45
31788378,,16,13,,,14,11,10,25,21,26,32,54
31716199,11,13,11,6,4,11,8,10,22,22,27,19,63
31704948,9,,11,,5,11,,7,18,18,16,22,40
31722121,10,15,10,,7,12,11,10,22,,23,26,59
31775659,9,12,13,6,,12,9,8,21,18,22,27,55
31720560,,15,15,,6,,9,9,24,24,27,30,53
31716911,,6,10,5,,12,7,5,18,14,19,27,40
31726321,9,13,15,6,7,,,10,23,19,21,27,54
31720277,10,11,11,7,,12,8,10,22,17,21,20,56
31725546,,12,,5,5,10,6,8,16,,20,19,40
31769926,11,14,14,7,7,13,10,11,25,22,24,32,71
31756476,11,13,10,6,6,14,9,10,19,18,21,24,61
31741177,7,10,10,6,,9,,7,18,11,11,15,40
31720800,7,9,,,5,,6,7,16,14,16,21,35
31730736,10,14,15,7,,16,10,11,26,20,26,29,66
31775535,4,5,5,4,3,7,5,4,9,12,11,15,32
31785352,10,9,11,6,5,16,,10,23,,,38,52
31794882,10,10,11,,5,,8,8,23,17,22,,50
31748562,9,11,12,6,6,11,,9,,16,,25,45
31770460,5,,6,3,2,5,3,5,9,7,9,,24
31713904,,6,9,7,6,11,6,6,18,16,22,22,45
31757553,6,,6,3,5,,,5,9,17,15,19,32
31728774,9,12,11,6,6,13,11,9,21,19,24,29,63
31769276,7,10,,4,5,8,6,9,22,13,13,16,45
31746969,8,,11,7,6,8,,9,22,16,17,29,50
31765440,8,9,12,5,4,12,9,7,19,15,22,21,53
31788850,6,6,10,5,3,10,8,6,22,11,9,20,45
31777791,5,3,4,4,4,10,6,7,16,12,7,19,40
31784960,5,6,7,3,3,,4,5,13,,11,14,29
31703321,10,14,8,,7,,7,9,20,18,16,,50
31777457,7,,9,4,3,9,5,6,15,12,16,,40
31767133,10,9,,8,7,14,9,11,31,19,28,31,66
31789684,9,12,10,6,6,,9,9,,,25,27,50
31714830,3,,9,4,4,6,6,4,14,15,,19,35
31798942,,14,,7,,12,10,11,25,23,25,28,54
31760961,10,15,14,6,6,12,8,10,23,19,23,25,64
31713556,9,13,14,6,7,13,11,9,25,,27,31,68
31716539,14,19,,9,10,,14,14,34,29,,41,79
31701485,8,13,11,5,,8,,7,17,13,15,21,40
31785174,8,9,10,4,4,7,7,10,23,18,19,19,52
31736939,7,9,,4,,9,7,,16,13,15,20,34
31799070,,12,10,6,6,,9,10,22,18,20,29,51
31786251,5,7,7,5,4,4,1,2,4,14,8,1,28
31700233,8,9,12,6,5,14,,,18,,19,23,45
31716598,9,11,12,6,5,12,12,8,23,,24,27,62
31795536,8,,10,3,5,10,5,5,14,,11,,33
31765068,5,13,7,5,5,9,6,6,20,19,17,23,50
31764908,10,13,12,7,6,13,9,9,26,19,24,27,65
31764355,14,18,15,8,9,17,14,12,28,25,33,37,86
31738915,9,11,12,5,6,12,9,8,19,18,19,23,57
31703690,8,13,12,,6,10,9,10,,,18,25,45
31744160,10,13,12,6,7,13,8,7,18,20,24,,61
31719031,11,14,,7,7,15,11,11,23,23,25,32,67
31765505,8,,12,6,7,,9,9,20,,19,22,50
31706940,5,10,9,4,4,10,7,6,19,11,17,24,45
31706444,4,8,8,4,6,15,5,6,15,,,18,40
31757863,7,12,11,7,,11,7,9,9,18,19,27,52
31790232,,7,9,4,6,10,,,17,14,18,20,35
31703798,11,15,,,5,,12,9,20,24,20,31,52
31776027,8,12,8,,6,10,8,2,10,,19,30,45
31705456,11,8,13,6,7,10,10,9,26,21,23,33,65
31778030,4,10,10,4,,8,4,,12,,11,11,29
31701124,11,15,13,8,7,18,14,15,25,25,29,32,80
31711812,12,15,19,6,8,9,9,11,28,24,28,32,74
31732895,8,12,14,6,7,11,10,8,25,,22,29,63
31735002,13,17,16,,8,18,13,12,29,24,28,38,77
31780954,5,10,8,4,,11,5,,13,10,,24,35
31710883,6,9,9,4,5,9,6,7,14,13,,18,45
31742718,12,14,16,8,8,16,10,,25,25,31,,72
31769570,,7,7,5,,,5,7,22,14,19,18,35
31708366,9,13,13,7,7,13,10,10,24,20,19,28,66
31763375,10,13,13,,,,10,10,23,21,21,30,51
31709300,11,,14,6,5,13,10,11,18,14,20,33,58
31730116,11,14,15,7,7,14,,11,25,22,25,32,66
31797814,6,8,10,4,4,8,4,7,22,12,13,25,45
31767761,10,,13,8,,15,10,9,26,18,24,31,58
31721931,12,13,14,8,6,12,11,8,21,,21,,58
31737730,6,7,10,4,,7,7,6,12,,14,20,35
31724841,7,12,10,4,6,9,9,8,,19,,26,50
31753183,5,6,8,4,4,7,6,7,,11,,,29
31730515,6,9,9,4,4,8,6,5,14,10,16,17,40
31729134,10,,13,7,8,,9,11,24,24,20,35,60
31717675,8,10,12,5,4,10,6,7,,,14,17,40
31720970,7,11,10,5,6,8,,,17,17,18,,45
31732682,7,10,8,,3,6,6,6,13,12,20,20,40
31739032,10,13,13,5,7,12,9,,25,17,22,28,59
31783848,9,13,,5,4,12,9,8,19,19,15,25,52
31728596,8,15,16,5,6,11,10,9,20,27,21,29,66
31760503,9,17,,7,7,13,,6,18,24,15,32,56
31732216,10,11,,7,,,9,9,22,17,22,31,50
31725600,9,13,12,6,6,12,9,10,20,19,22,28,62
31702767,7,,12,4,4,8,7,7,18,13,,18,40
31747604,5,5,5,3,2,6,3,2,9,8,9,9,25
31708056,7,11,11,4,5,8,8,10,,13,11,,40
31726984,4,6,5,,3,6,4,4,9,8,10,12,25
31756808,3,6,7,3,4,5,5,4,11,,8,6,27
31754530,6,8,9,,5,10,6,7,14,14,16,22,40
31777406,,,17,8,7,9,10,,23,19,23,29,51
31729401,13,17,16,6,7,,10,10,25,19,25,37,68
31734278,,15,15,8,,13,11,11,,25,24,33,62
31744265,9,10,12,7,5,9,10,8,17,21,18,26,58
31796020,10,11,13,6,,,8,9,22,17,20,27,50
31727220,4,6,3,3,2,,0,6,11,,5,,18
31710476,7,12,,4,5,11,7,8,22,15,,22,50
31764681,8,12,12,6,5,13,9,9,24,,22,28,61
31756441,9,10,11,7,7,10,9,7,16,20,20,25,58
31775322,10,13,,8,7,14,10,9,,,25,31,55
31722008,8,10,9,,6,12,7,,19,15,17,26,45
31779654,,12,10,7,5,8,9,6,18,17,16,23,50
31700500,,6,8,3,3,,6,5,16,14,14,,32
31725220,7,9,8,4,5,7,6,6,13,15,16,20,45
31795722,5,7,,4,5,7,5,7,13,12,,14,35
31743064,,19,16,8,9,18,14,10,,27,,35,68
31718590,6,7,8,4,4,7,5,6,14,,,16,33
31705774,,,12,6,6,13,10,10,21,18,22,,52
31715160,7,,11,5,5,12,9,11,,16,20,21,50
31741401,13,17,,,7,13,,10,24,21,23,33,55
31741150,12,13,16,7,7,18,,13,28,23,27,35,72
31773141,7,7,8,5,,10,6,,16,16,15,,40
31705871,,15,17,6,7,12,11,10,,20,26,32,65
31732224,11,16,13,7,6,,,13,29,21,,33,62
31708420,9,13,15,8,7,13,9,12,,22,27,,62
31780725,11,15,15,8,7,15,11,12,26,24,25,34,76
31717624,11,,16,8,7,15,12,12,,22,30,32,71
31747760,8,12,13,6,7,10,11,9,21,,21,,54
31707874,7,13,14,,7,14,11,11,,17,23,,52
31777503,,14,,5,5,14,8,6,18,21,21,25,50
31700667,7,10,8,5,4,9,8,7,13,12,21,18,45
31712560,10,14,13,7,6,14,8,9,21,18,20,27,63
31741142,10,12,16,8,7,12,14,13,27,21,24,36,75
31710786,7,10,10,6,5,10,8,9,18,16,20,24,53
31707548,,8,13,6,6,8,7,9,18,15,20,27,50
31761992,10,14,13,7,7,14,8,10,28,21,16,28,68
31771211,10,14,14,6,,13,9,8,22,22,22,28,59
31740243,5,4,8,2,5,8,3,4,13,11,9,20,34
31731732,,8,8,6,6,10,7,10,14,13,19,,45
31714420,10,9,,6,6,,11,10,21,,19,31,52
31786502,6,10,11,4,4,5,7,5,10,12,18,25,45
31754503,12,14,13,7,6,16,12,,35,,30,35,72
31779204,5,7,7,4,,,5,5,12,,10,18,29
31794203,7,7,7,2,4,10,6,6,16,14,10,19,40
31744020,5,7,6,4,4,,6,4,,,14,16,29
31748600,9,12,,6,6,,8,8,23,19,21,31,51
31737350,8,11,11,6,6,11,9,8,20,,,24,50
31703895,7,11,10,,,8,8,10,,17,15,11,40
31796516,7,11,,4,6,,8,8,14,17,,22,40
31768652,11,14,13,6,,13,12,13,,21,23,35,66
31774733,10,15,15,8,6,13,11,11,25,21,26,,71
31751563,7,11,9,5,6,12,,8,21,19,,24,51
31739040,11,16,,9,9,15,12,,30,25,,38,69
31737382,,4,4,3,2,4,,,6,4,6,6,15
31755364,13,18,12,9,9,16,,14,32,24,31,45,81
31790984,9,16,17,7,8,16,10,12,24,19,25,32,73
31739970,7,9,11,6,,12,11,,23,,28,29,52
31734588,9,10,10,6,6,12,8,7,17,15,20,23,54
31712827,10,13,13,7,7,14,9,10,23,,25,29,67
31755232,9,11,11,5,5,13,,8,19,13,20,27,52
31752918,10,18,12,9,7,,,12,28,,23,33,63
31732623,9,,12,,6,13,9,7,21,15,20,28,50
31703313,7,,10,5,,9,9,8,,15,13,26,40
31709478,11,14,13,7,,14,,9,28,22,21,33,60
31722687,13,19,17,,10,16,13,12,35,24,32,44,84
31790828,5,5,4,,3,5,3,3,,10,5,9,22
31775519,,11,10,5,5,9,,6,21,,18,25,45
31743350,6,10,13,6,6,,5,8,18,16,16,19,45
31788564,,12,14,6,6,15,10,8,24,19,21,29,59
31786308,15,17,20,,,15,15,9,35,22,24,45,74
31726372,,6,,4,5,8,6,6,13,7,14,13,32
31785379,6,8,10,5,4,12,9,8,16,13,18,22,50
31757626,10,12,,7,6,,,9,15,18,21,24,45
31758924,12,13,13,6,7,,12,13,,,27,38,60
31711693,,,13,6,7,,10,10,23,20,24,30,50
31762700,6,10,10,5,5,9,7,8,19,16,18,18,50
31768717,8,10,10,5,,11,8,8,18,15,18,23,50
31777368,5,10,11,6,4,9,,8,17,15,20,29,50
31760767,6,9,8,4,4,8,6,6,14,12,13,18,40
31770681,8,9,8,3,,6,4,9,13,12,16,14,40
31733107,9,12,11,5,6,13,8,8,23,16,19,23,57
31759157,7,11,8,7,5,11,6,6,16,15,19,24,51
31704320,10,13,12,7,7,12,9,9,,22,19,28,64
31737218,10,14,9,7,5,16,8,11,28,19,27,33,68
31720625,6,8,8,4,4,8,6,7,13,13,15,,40
31755216,13,,15,7,7,13,,11,34,,31,25,64
31728170,10,8,,6,5,11,,10,16,13,22,19,45
31734065,8,10,12,6,5,11,8,,23,18,17,25,52
31791190,5,8,10,6,3,7,6,,13,,23,24,40
31711383,7,12,11,,4,10,,8,,19,22,24,45
31769462,6,15,13,4,4,8,9,9,13,,24,28,54
31748767,10,14,14,7,7,,10,,23,21,23,31,58
31738281,12,16,17,7,,17,12,13,29,,30,32,74
31772080,,12,12,6,6,,6,,22,19,18,17,45
31794548,13,15,17,,8,16,13,12,29,25,,35,75
31743897,10,12,,6,6,11,10,9,,,22,29,50
31703283,3,4,5,2,2,4,3,3,7,7,7,8,21
31784216,6,8,7,3,3,7,5,7,14,12,13,23,40
31719937,12,,16,7,6,17,13,10,27,19,18,33,68
31729444,8,12,12,6,5,11,9,8,18,15,18,22,54
31704492,4,8,8,2,4,6,,1,5,,14,,23
31714463,5,6,5,,4,10,5,7,8,8,15,19,34
31728006,10,,14,,6,9,8,9,24,15,,27,50
31751008,5,7,6,4,3,5,6,6,11,14,17,15,35
31760430,12,13,14,7,,9,,9,21,26,,29,57
31763243,7,14,13,6,6,,7,10,,19,20,27,55
31724264,11,,15,,7,17,13,,26,20,24,36,58
31776345,9,13,12,6,5,12,8,8,21,17,21,26,58
31707394,12,16,15,8,8,16,12,12,26,26,,,70
31749461,7,9,9,4,,9,6,7,16,13,16,21,40
31765769,8,15,12,4,8,13,8,9,22,17,21,29,61
31722997,6,9,11,7,,8,10,10,18,,,19,40
31723910,7,10,7,5,4,10,7,6,12,,14,12,40
31744354,9,11,10,5,5,10,7,5,15,14,13,22,50
31760058,8,11,,,,13,9,8,17,18,20,26,45
31750885,,5,5,1,2,5,,0,10,4,7,4,16
31717260,12,13,13,,7,12,11,9,25,22,25,31,64
31779115,5,9,12,7,4,,6,5,,13,,22,35
31731724,,9,8,4,7,,7,8,21,11,24,23,45
31719198,11,,13,9,8,17,12,11,26,23,29,29,72
31768725,8,13,10,6,7,12,11,8,24,17,22,28,62
31794710,13,,17,5,6,10,10,10,23,,22,29,60
31745652,15,15,12,10,7,11,14,11,29,26,29,26,80
31705936,10,15,15,,8,13,9,12,28,25,27,33,69
31726437,,15,14,7,7,14,11,11,25,22,26,33,67
31701442,8,11,9,5,5,10,,7,,14,19,25,45
31723527,10,11,12,7,6,11,10,9,,17,23,28,62
31796184,10,15,13,6,6,12,10,10,20,22,26,33,68
31775985,9,12,11,6,6,12,9,7,23,17,24,,60
31765513,9,12,13,5,6,11,7,9,23,20,20,22,59
31765696,10,,13,7,7,14,10,,,20,24,30,57
31774091,,13,13,7,7,12,10,9,27,21,24,32,63
31787266,9,,13,6,6,14,10,10,18,15,,29,56
31750524,7,20,12,8,5,,10,8,22,22,,,53
31708528,5,6,6,,3,8,,6,,13,16,16,31
31720951,11,15,16,,9,16,,12,29,23,28,32,67
31740685,5,6,7,3,3,6,5,,9,9,10,14,28
31715109,14,19,16,8,7,19,,13,30,26,32,41,80
31755909,,12,12,,7,9,8,7,,17,19,26,45
31736149,12,18,16,9,,18,15,13,,28,27,40,80
31773397,13,,12,8,,13,10,12,27,25,22,34,63
31765710,11,13,16,6,7,16,11,11,24,21,28,,72
31707440,,,13,6,6,13,10,,22,20,23,29,50
31734154,9,12,11,6,7,14,9,9,21,18,15,24,60
31783635,6,11,7,4,6,10,6,7,11,13,17,16,45
31777945,6,9,8,5,4,9,7,7,15,13,15,19,45
31732828,7,9,12,6,6,7,8,7,21,17,21,25,54
31791387,,14,14,7,6,12,,10,26,19,24,,56
31772781,9,9,8,5,6,10,9,9,20,18,19,23,55
31742785,10,16,16,8,7,14,10,,21,21,22,27,64
31787630,9,10,6,6,,10,10,7,20,18,17,24,50
31770940,12,15,14,7,8,14,12,11,26,19,26,31,74
31709133,7,8,9,4,5,10,8,7,18,14,20,18,50
31748384,8,12,7,5,4,10,7,8,18,14,,,45
31740588,9,11,13,7,6,12,9,9,,19,24,26,62
31757804,5,6,9,4,4,8,6,5,14,11,15,17,40
31730159,,11,10,6,5,11,9,9,18,17,17,24,51
31700430,7,8,10,,6,,8,7,20,14,13,22,40
31766390,8,10,11,5,,12,6,8,,,17,26,40
31712789,8,10,9,5,5,,8,8,,16,19,23,45
31772676,9,12,,6,4,8,10,7,,24,16,,45
31743830,8,13,9,5,6,12,7,7,19,18,22,27,56
31730973,12,18,,8,9,,13,11,26,30,28,41,73
31793517,9,12,11,6,5,11,,9,26,18,16,23,54
31728367,10,11,14,6,6,10,9,7,22,19,20,29,60
31773400,7,,15,6,,12,,10,20,17,28,26,50
31764924,9,15,15,7,5,15,,9,,21,22,24,60
31772838,8,,12,5,6,11,8,9,21,16,22,24,52
31705812,5,9,8,5,4,7,7,4,3,13,20,15,40
31779255,10,13,11,6,6,12,9,,24,19,18,21,56
31716760,,12,12,6,6,12,9,,21,17,23,32,52
31756298,12,17,17,8,,17,13,11,27,,32,34,75
31793142,5,8,9,,4,7,7,3,,17,,17,32
31735096,12,16,16,8,8,16,,13,,24,,34,64
31774140,,,13,6,7,14,11,11,27,20,,33,59
31773710,8,10,10,8,7,15,8,9,20,17,19,24,60
31744885,10,13,14,7,7,15,11,,23,,22,26,62
31727662,9,12,12,6,6,12,9,9,22,19,21,28,61
31763391,13,,17,8,6,13,12,11,,18,30,35,69
31783597,9,9,15,7,6,15,7,11,23,22,23,32,66
31727034,7,8,10,5,5,9,10,8,,13,22,27,52
31724140,6,9,12,6,5,9,7,7,19,20,17,23,52
31754384,6,12,9,4,5,,8,9,18,22,,31,51
31738044,11,14,15,8,7,15,11,10,26,19,28,32,74
31759990,10,13,13,6,6,14,9,10,24,21,26,33,67
31797652,11,12,13,4,7,15,8,9,24,11,28,24,64
31734138,7,8,8,,4,8,6,5,12,13,,15,35
31707823,9,12,11,6,8,14,12,7,27,15,,28,64
31722760,8,14,11,,,13,,13,25,22,28,28,53
31743366,7,9,8,5,5,9,6,7,14,11,17,21,45
31723470,,,9,4,4,7,6,6,12,11,14,17,33
31758991,,9,14,6,,13,10,7,18,17,15,25,50
31767810,7,9,11,5,5,9,8,8,,14,18,22,50
31731147,9,13,,6,6,11,10,9,15,18,22,27,56
31716970,13,17,18,8,9,16,13,13,29,25,32,37,86
31797997,10,15,16,8,7,15,12,11,24,21,27,36,75
31748074,9,11,11,6,5,10,9,8,22,18,17,25,57
31719562,8,11,10,5,5,12,9,8,24,19,23,27,58
31728448,,12,12,,,11,8,7,17,15,19,23,40
31781853,10,,,6,6,10,9,,16,15,18,17,40
31745687,6,10,9,5,5,10,7,7,20,14,18,21,50
31732011,11,17,17,8,8,16,12,12,,,27,33,70
31743110,7,10,9,3,4,7,6,7,16,12,16,22,45
31728898,6,,8,4,,6,,4,19,17,15,19,33
31705270,9,11,11,6,6,7,9,8,18,15,17,30,55
31763057,8,10,11,5,5,12,,,,16,21,23,45
31760635,11,14,14,6,7,13,11,12,17,17,21,25,66
31775624,10,12,11,6,4,14,7,8,22,18,19,22,57
31705731,,19,16,9,8,15,11,12,32,26,26,38,77
31745091,8,10,8,5,3,11,5,7,19,13,17,18,45
31719899,9,12,16,6,7,14,7,9,23,17,,,55
31720773,9,11,11,6,5,10,8,8,21,17,19,25,56
31745393,8,6,8,5,4,9,5,6,16,14,13,19,45
31753523,9,9,,5,,8,6,9,18,16,15,,40
31747752,7,9,,5,4,11,9,8,17,17,,23,45
31791174,9,10,,5,5,10,6,,18,16,,24,45
31734863,8,8,15,5,7,,,5,19,17,,31,45
31748988,7,10,10,5,5,10,7,7,17,16,18,22,50
31734502,8,13,14,5,7,13,,10,20,19,24,29,59
31794491,10,16,20,8,,17,11,10,,23,28,31,71
31736963,5,5,5,3,3,,4,4,7,7,9,8,24
31775675,13,17,18,9,8,15,14,12,32,,,37,75
31778828,7,11,11,5,,12,11,7,19,19,17,25,52
31732518,11,15,14,7,8,14,10,9,28,18,26,28,71
31724329,11,17,15,7,8,17,12,14,26,26,25,36,80
31702074,8,11,12,4,,7,8,8,15,16,17,23,45
31704441,7,8,9,,5,11,9,8,,14,,25,40
31782550,13,17,17,9,9,17,13,13,29,25,29,38,86
31748309,12,15,,5,7,17,,12,26,19,28,32,62
31725880,5,4,,2,2,5,4,3,7,6,8,8,21
31751083,11,16,16,8,6,16,11,12,27,19,24,33,75
31750222,7,11,,5,6,10,7,7,17,15,,21,45
31701833,8,,10,6,5,10,,9,18,,19,22,45
31767346,9,10,12,5,5,11,10,7,18,14,21,30,56
31703836,14,15,16,9,9,,12,13,30,24,,36,77
31747582,9,12,12,4,6,10,,8,18,,17,25,50
31765270,5,,6,3,3,7,6,4,8,6,10,10,27
31794327,10,15,16,8,8,12,,13,29,,25,27,68
31734081,7,10,9,,5,9,8,6,,15,15,21,45
31720803,,,14,7,6,12,11,9,21,21,25,32,57
31781152,11,16,18,9,10,17,12,13,,27,,37,75
31751466,8,12,11,6,6,11,9,7,18,16,20,27,56
31793886,7,10,12,6,,8,5,8,18,17,17,24,45
31780768,8,11,12,,5,11,8,9,20,,17,,45
31779859,,17,18,6,8,18,14,6,16,21,,,57
31702007,5,6,6,3,2,6,5,5,12,9,9,,30
31784887,10,12,14,8,7,16,10,8,24,23,20,31,69
31712606,,13,11,,6,14,10,9,23,19,,29,53
31706870,8,12,11,6,5,11,,,18,12,17,25,45
31707092,3,3,4,,2,5,4,3,,11,8,,19
31749340,9,12,11,6,5,11,8,9,20,19,21,27,58
31752764,10,12,9,5,6,,11,8,20,,25,31,56
31724043,,14,10,8,,12,13,8,20,,31,34,59
31743722,9,13,13,6,7,13,10,10,22,18,23,30,65
31748252,9,11,10,,6,12,,,20,17,19,26,45
31799787,7,14,9,5,5,11,8,8,19,16,22,,54
31752373,9,11,13,4,6,14,9,8,16,14,14,25,55
31760562,8,14,14,,5,9,8,,25,11,10,27,50
31763472,6,11,11,5,5,11,8,7,17,14,19,27,52
31726666,12,14,16,8,,15,12,11,,21,33,39,73
31726445,10,,11,6,5,11,8,8,20,14,23,27,53
31781659,9,9,9,5,4,10,7,9,19,17,22,21,53
31770797,6,10,10,4,7,9,8,7,16,13,16,23,50
31775357,8,,10,7,7,14,6,4,18,19,18,23,50
31799949,9,9,13,5,6,10,8,9,16,18,,24,55
31782043,9,10,12,6,6,13,8,8,22,22,19,29,61
31735169,6,6,6,4,4,7,5,5,12,13,13,16,35
31727603,7,10,9,,5,9,7,,17,14,,21,40
31774296,12,16,13,,7,16,11,11,23,16,27,33,68
31787010,5,9,8,3,3,4,2,4,11,11,14,13,32
31769268,9,,,7,6,12,10,11,22,20,23,34,56
31750931,7,9,9,6,4,10,9,8,17,14,18,18,50
31707033,13,16,17,8,9,,12,13,,25,29,40,78
31706606,9,18,13,7,,14,6,8,30,,23,36,64
31727441,10,12,13,6,7,13,,9,23,21,,30,60
31756018,,,10,5,4,11,9,9,15,,17,22,40
31737900,6,8,7,4,4,8,5,5,,12,13,17,40
31757391,7,11,13,4,5,13,8,7,16,18,21,28,56
31714315,10,13,13,,7,13,10,10,23,20,23,29,61
31729789,11,17,15,8,6,17,12,9,26,19,24,34,74
31708617,,10,9,,6,11,8,,20,14,16,27,40
31753108,9,15,12,9,8,8,,8,23,21,,24,59
31704875,9,13,18,6,10,13,9,8,20,22,24,35,71
31702139,10,11,12,6,,12,7,6,16,,,30,45
31758207,0,4,5,5,3,5,5,6,7,13,9,11,29
31704549,9,13,11,6,6,11,9,9,22,17,20,26,59
31737358,10,12,9,6,6,,,8,22,,23,29,51
31770045,15,17,,9,9,16,13,9,,26,,36,67
31768873,6,,8,4,4,8,6,6,14,,14,18,35
31734405,3,3,3,2,2,4,2,2,4,6,5,8,17
31738745,11,13,14,7,,13,,10,24,22,24,32,58
31797903,7,9,9,5,4,9,7,7,16,14,16,21,45
31794718,10,14,,6,6,,9,8,26,,22,32,55
31741673,6,,8,5,,9,6,,17,10,6,19,32
31775780,10,13,9,5,6,12,7,7,22,15,16,27,56
31704298,9,13,12,6,6,12,9,9,21,18,22,27,61
31742378,,,10,5,6,14,8,8,21,12,21,,45
31786014,3,9,7,3,3,7,5,4,12,6,11,17,33
31789722,12,11,11,7,6,14,9,12,,21,26,26,67
31735282,4,8,7,3,5,11,7,5,15,12,15,21,40
31739326,9,11,12,6,,14,9,9,23,19,21,28,57
31793673,11,13,13,6,5,,8,11,20,17,,23,55
31759416,8,13,11,7,6,17,,8,17,21,21,28,58
31756646,7,9,10,4,,11,8,,,14,16,27,40
31789579,10,16,15,7,7,14,11,,25,,22,29,64
31738265,8,6,6,7,8,8,6,9,19,17,17,28,53
31797628,8,11,10,4,5,,8,7,18,15,18,22,45
31756964,5,7,8,4,4,6,6,6,13,13,14,14,40
31744133,6,9,,2,4,10,5,5,,12,12,15,34
31741088,8,10,12,5,5,11,8,7,21,23,19,23,56
31747035,6,10,9,5,6,9,6,9,18,16,17,22,50
31789544,11,11,11,5,,5,7,8,25,18,24,22,53
31708242,9,12,12,6,7,13,10,9,23,19,22,29,63
31784240,10,14,13,6,6,13,10,,21,,22,,51
31780288,,7,7,4,4,7,6,5,14,11,13,17,34
31702880,13,18,,10,,19,12,13,29,24,34,37,75
31770843,4,6,7,2,,8,5,7,,12,8,17,31
31795390,10,12,14,6,,12,10,,20,19,21,,52
31723918,8,10,11,5,6,11,8,,,15,17,23,50
31702244,10,12,11,,4,,8,7,16,17,18,26,45
31792669,7,9,9,5,,11,6,,,18,20,26,45
31770851,11,10,13,,,16,13,6,22,22,27,26,57
31759424,7,8,9,5,5,9,6,7,17,13,15,19,45
31748082,9,10,17,6,8,10,,7,25,,14,30,56
31797326,,10,10,5,3,,9,9,19,,18,12,40
31740758,6,,9,5,5,9,7,6,,14,,20,35
31762115,12,16,16,8,8,16,13,12,26,24,25,36,80
31704190,15,18,18,7,7,15,13,,33,29,27,,79
31791433,8,7,9,4,4,8,7,8,10,13,15,20,45
31714520,4,7,6,4,3,6,6,5,17,,,,27
31791770,12,16,17,7,,,12,12,17,28,18,31,64
31701922,12,8,12,7,,14,10,10,,,23,29,52
31707203,10,15,14,6,7,,10,10,27,21,26,26,65
31726650,,8,9,4,5,12,6,,,17,18,25,40
31707580,8,11,9,6,6,14,10,9,23,19,,30,61
31793363,10,12,15,,5,11,9,8,21,18,19,32,57
31740189,8,9,11,4,5,7,,6,16,12,12,19,40
31749747,8,,11,4,,11,7,5,16,14,,22,40
31792324,,8,5,4,3,3,7,6,,9,22,,30
31729730,5,9,,,3,6,5,9,15,12,14,16,33
31705790,15,14,14,,5,11,9,9,25,21,,25,61
31757316,9,12,11,7,6,9,8,9,20,18,20,32,60
31717780,12,20,14,8,10,17,14,11,22,30,22,44,86
31746470,12,14,,7,5,17,12,9,25,,23,29,64
31763898,7,13,12,4,,10,6,7,16,15,18,23,45
31790771,7,,7,4,5,,6,6,13,13,14,,35
31754670,11,,16,7,8,16,9,10,26,,28,,59
31765850,,10,9,,4,8,9,,15,13,22,27,40
31749030,9,11,,,6,11,8,9,,18,21,25,50
31752799,6,5,7,5,4,8,5,5,14,14,13,14,40
31757596,4,7,5,,4,8,5,5,9,10,16,12,31
31747728,,6,,3,4,7,5,,10,13,12,17,27
31795897,,14,12,6,7,13,11,,26,13,,28,53
31762913,8,12,11,5,6,13,,9,24,17,21,27,55
31726542,9,11,14,5,6,12,9,10,21,19,21,23,61
31721370,15,,,10,9,19,15,15,34,29,34,45,82
31734642,9,15,14,6,,14,10,10,23,23,,,55
31743072,,9,10,,3,4,8,6,13,16,18,,35
31761631,13,19,,10,9,17,12,12,33,26,,38,81
31770320,8,8,9,4,5,11,8,,20,14,11,18,45
31765823,3,6,5,2,2,5,4,4,9,,4,11,23
31760190,7,8,9,4,5,10,5,7,15,,16,23,45
31770630,12,12,15,7,5,11,10,11,28,18,16,25,66
31728750,12,14,16,9,7,,12,13,29,,23,31,71
31711847,9,12,14,7,8,13,11,11,,,23,39,62
31706390,6,9,9,,4,9,5,5,17,10,17,23,40
31746772,10,13,11,6,5,12,9,9,20,13,23,22,59
31746799,15,20,17,10,10,20,12,14,30,30,35,45,97
31709141,9,7,,7,5,10,10,6,28,18,20,23,53
31799108,7,8,,4,4,8,7,6,16,12,17,22,40
31706673,8,13,12,6,6,11,,10,,,21,26,50
31710646,12,14,13,8,6,,12,12,26,24,23,33,69
31717055,,10,,6,5,8,8,6,23,17,29,18,50
31736491,9,12,13,,6,,,9,22,18,22,28,45
31734286,10,14,16,8,8,13,9,12,22,18,23,28,69
31736319,5,7,7,4,3,7,6,,12,11,11,16,33
31787436,14,20,18,9,9,17,15,14,31,27,31,40,91
31731252,,14,15,,6,,11,10,25,20,25,33,54
31779921,3,5,5,1,,1,1,1,7,8,7,10,16
31766579,7,,,6,,11,5,9,18,13,20,26,40
31703100,6,,8,4,,7,7,6,16,15,,18,35
31781373,12,15,19,9,9,16,13,11,31,27,31,34,86
31716016,6,8,8,5,5,,,7,16,15,16,20,40
31742416,7,11,13,5,7,14,,12,22,18,19,32,58
31789210,8,11,10,5,6,11,7,9,20,,17,25,54
31765060,9,15,13,6,8,12,12,10,26,,28,32,71
31731686,10,12,13,,6,,11,10,20,19,25,29,55
31748821,12,17,17,8,8,16,12,12,28,24,29,,81
31728707,8,12,12,4,5,7,7,5,18,14,15,20,45
31739784,5,,11,6,7,,7,,18,18,21,27,45
31716563,,17,18,8,,14,14,12,27,24,28,35,68
31737005,10,12,5,,5,12,8,11,27,16,23,22,55
31730477,9,11,9,5,5,10,8,8,17,16,19,24,53
31755755,11,14,13,4,7,,9,12,,16,21,,50
31744222,8,10,,,5,10,7,7,17,15,17,23,40
31727832,8,11,13,4,5,10,2,,16,15,10,21,45
31791320,10,15,15,8,9,18,12,12,21,24,17,33,77
31764525,10,12,13,6,,13,10,11,21,,24,30,60
31766501,12,12,10,8,7,12,11,8,24,20,16,30,66
31756409,11,13,15,7,5,15,,10,25,19,26,33,64
31747434,7,9,9,,4,7,7,7,16,13,14,21,40
31769740,6,11,9,7,5,10,10,8,19,16,18,32,56
31719171,11,11,12,7,6,7,9,10,,17,18,25,58
31742297,8,9,11,5,5,10,9,8,15,15,17,22,51
31763944,6,11,11,5,6,11,,8,20,19,23,,52
31740790,,10,,5,,11,9,7,16,17,20,25,40
31776396,5,,,4,3,7,5,5,11,8,9,,26
31716059,5,,11,,5,6,4,6,,14,11,21,34
31719341,10,13,13,6,6,11,7,10,24,19,,27,62
31770223,8,13,,3,,10,7,8,21,15,19,24,45
31729118,10,13,14,6,7,11,9,10,23,19,20,26,63
31747442,14,17,19,8,10,18,15,14,28,28,30,38,91
31773192,10,14,14,8,8,14,11,11,23,20,24,31,71
31763782,4,7,6,,3,10,,4,16,14,17,8,33
31734685,13,,19,10,8,17,,12,32,27,,42,75
31763610,4,6,4,1,3,5,4,4,2,7,7,9,23
31710824,7,10,9,,,10,6,7,20,13,18,23,40
31718477,8,10,11,6,4,,6,7,,16,20,20,45
31763367,7,11,10,5,4,9,6,8,17,15,,21,50
31707491,11,12,15,7,,13,10,9,,17,21,29,59
31714137,,,13,7,7,13,10,10,26,22,24,28,58
31793916,12,17,12,,7,10,,11,25,21,,27,58
31790755,,15,14,7,7,,12,11,24,22,24,32,61
31778488,6,8,8,4,,8,6,6,14,,14,18,35
31786448,9,,14,7,6,13,11,10,,23,21,,54
31745318,,8,9,3,4,7,6,7,,11,13,18,35
31788467,,14,14,6,7,13,9,10,22,18,26,31,62
31759939,8,10,10,6,5,11,9,8,21,19,18,24,56
31798187,,11,11,4,5,,,7,14,22,7,20,40
31788173,8,10,10,5,,10,8,8,18,15,18,25,50
31779786,9,9,,6,6,12,10,9,,16,,22,45
31786596,5,10,8,5,4,10,8,6,18,,14,25,45
31794092,11,13,13,6,7,13,9,10,18,20,,32,65
31773265,6,7,10,5,5,9,7,7,14,15,16,18,45
31747329,7,11,10,4,5,11,,6,16,18,18,26,45
31711413,9,9,11,6,5,10,7,8,18,17,19,25,54
31714684,6,11,9,5,5,9,4,7,13,11,24,23,45
31750346,7,9,9,5,,5,5,7,18,16,14,22,40
31723667,11,12,17,7,8,16,13,10,29,26,21,29,76
31773877,11,,14,8,6,14,10,10,25,19,25,31,64
31797288,14,16,19,9,10,19,15,12,27,,32,39,89
31751253,7,11,9,5,5,10,6,7,18,15,11,21,50
31778119,11,15,13,7,7,15,10,10,25,19,25,35,71
31777813,11,15,16,6,8,13,12,12,29,22,28,29,76
31731155,,10,12,8,4,12,9,9,16,17,25,,54
31757480,8,9,10,5,6,8,6,9,16,16,18,23,51
31715265,5,8,4,5,4,3,4,8,12,,16,,32
31720765,4,4,7,3,3,6,4,5,8,7,10,11,28
31739849,7,,10,5,,10,7,,19,16,17,25,40
31702619,6,9,10,5,4,11,8,7,,12,13,20,45
31731651,6,6,8,4,3,7,,5,11,11,,10,31
31792472,9,12,11,6,6,12,9,9,22,19,24,25,61
31756320,10,14,,6,7,,10,10,22,22,22,23,56
31793320,8,10,12,4,5,10,,,16,,16,24,40
31771998,8,12,12,6,6,13,9,9,20,18,22,23,60
31720617,4,10,10,2,2,8,3,5,7,1,13,7,30
31745083,9,8,11,7,4,,8,12,16,19,16,23,51
31723969,8,,12,5,5,,8,,18,14,20,23,40
31715141,8,11,15,7,5,12,12,11,20,15,21,12,61
31700853,11,13,11,6,,12,7,8,19,18,26,30,57
31733077,8,,12,5,5,9,8,7,,16,,24,40
31773206,11,17,18,,6,,9,11,,13,23,24,55
31745415,4,4,3,2,,5,,3,8,6,8,10,18
31791182,8,,,6,9,14,10,9,33,,25,37,62
31793401,9,15,14,,8,13,,,23,16,24,26,51
31757890,8,11,12,6,6,12,9,9,22,,23,24,59
31724434,4,3,2,2,2,6,1,4,11,7,9,4,22
31794084,8,12,11,6,5,13,8,10,23,19,20,29,60
31728332,5,11,7,4,4,8,7,5,8,12,4,16,40
31710263,7,9,13,6,5,10,6,8,19,17,18,21,52
31705596,13,20,20,,9,18,,13,,27,32,45,78
31765351,5,10,7,4,4,7,5,5,17,9,12,13,40
31715443,13,17,18,8,9,17,,14,31,26,30,38,80
31727794,,11,11,6,5,11,8,9,22,16,20,21,52
31700705,6,8,8,,5,7,,7,16,14,14,,35
31763440,7,10,9,5,5,10,6,5,17,13,16,21,45
31772800,8,10,9,4,5,,7,,14,13,,21,40
31722717,,9,8,4,4,9,6,6,,13,15,19,40
31731511,12,11,12,8,7,11,10,11,21,22,22,33,68
31711545,10,10,16,7,9,14,,13,,20,,37,59
31714242,8,11,13,5,5,12,,8,,18,18,21,50
31746756,,11,11,,5,11,7,,16,13,16,20,35
31738362,11,,,6,6,13,11,10,21,20,24,29,56
31754791,9,14,14,7,6,13,,9,,19,21,27,58
31771262,14,19,19,,9,19,14,14,,29,,43,75
31783872,3,11,10,4,2,8,6,,,16,13,17,35
31739547,8,10,9,,6,11,7,7,,15,19,21,45
31788327,7,9,9,4,5,8,7,6,16,14,15,19,45
31797512,9,13,13,5,,12,,9,21,17,,28,50
31777252,14,17,12,7,,10,11,10,26,26,31,32,70
31759513,7,6,5,,3,,6,,14,12,15,19,29
31735649,7,12,9,,6,13,10,12,18,,19,26,53
31757138,3,4,4,,0,4,,,8,5,8,11,15
31723403,2,3,,2,2,4,3,,6,6,7,7,16
31750745,4,8,6,4,4,8,6,6,15,10,11,14,35
31768431,7,,11,5,5,10,6,8,15,13,,22,45
31751393,6,9,10,5,4,3,4,7,,17,12,19,40
31771971,5,5,9,6,4,,4,5,17,11,12,,35
31775772,8,12,9,,,11,6,6,14,,16,16,40
31741681,11,15,,7,7,14,10,9,25,20,20,,62
31739555,5,8,,3,3,8,6,7,11,11,,18,34
31789714,9,12,12,,5,11,10,9,19,20,,24,54
31734812,9,10,11,5,5,11,8,7,19,,20,,45
31722636,,12,11,5,5,11,8,8,19,17,,23,50
31711316,8,8,10,5,,8,7,6,12,,,15,34
31753647,7,11,,5,,10,7,9,17,15,,23,45
31798400,9,13,14,,8,14,11,,22,,28,31,59
31735304,13,,20,,9,19,13,13,34,29,,45,79
31723120,6,13,13,,6,15,9,9,24,20,,32,59
31768334,13,16,,9,8,17,,13,27,25,28,39,71
31750990,4,5,4,1,0,5,4,5,5,5,5,,19
31751903,10,11,,6,5,11,9,9,21,16,19,27,53
31762131,7,13,10,4,5,8,8,7,19,,13,16,45
31790917,14,18,20,9,9,20,14,,,25,30,43,84
31734456,8,9,11,5,4,10,8,8,17,14,18,30,52
31778070,4,1,,2,3,6,4,7,,,11,18,23
31768776,8,9,10,5,5,9,8,7,16,15,16,21,50
31772455,,11,12,6,5,12,,9,21,,21,26,50
31723217,14,18,16,9,7,18,12,13,32,27,31,33,87
31733670,13,,17,8,8,17,13,13,30,26,30,39,78
31731384,6,8,9,4,4,8,6,7,14,12,15,,40
31767206,13,18,19,9,8,19,15,13,27,28,30,37,89
31743180,8,11,,5,4,6,7,7,12,16,15,22,45
31716067,,12,12,6,,13,10,9,22,20,23,27,53
31783880,5,5,,3,3,,5,5,12,9,10,13,26
31757790,9,15,15,7,7,13,,12,23,22,27,,66
31711987,,9,5,3,,8,5,6,10,,19,5,28
31730728,8,11,12,5,5,10,9,,16,15,18,24,50
31762182,6,13,7,5,5,10,8,8,21,16,19,19,52
31722164,6,8,8,6,6,9,7,8,18,13,17,25,50
31752454,8,,11,6,6,12,9,8,,17,22,27,54
31799515,8,15,,8,6,17,,13,,19,24,30,59
31755771,,15,17,9,9,18,13,11,28,21,29,40,77
31737633,8,12,13,6,6,11,8,10,19,15,22,26,59
31751164,7,9,10,,6,14,7,7,18,16,22,24,50
31709230,13,16,16,7,8,16,12,12,28,22,,35,79
31789218,,11,12,6,6,11,9,9,21,18,21,,54
31716164,9,,12,,6,12,9,8,23,17,22,26,51
31723810,5,10,8,,6,8,6,6,20,15,,,35
31730655,13,17,16,8,,17,15,13,,22,29,40,78
31785565,8,13,,5,6,10,8,11,,18,22,23,53
31783988,,13,14,7,,13,,9,22,21,29,34,54
31757987,2,5,8,3,2,5,3,4,10,7,7,,25
31753841,10,16,15,8,5,13,,6,24,21,25,28,62
31712730,11,14,15,8,7,17,13,12,30,21,26,38,79
31730914,5,,5,3,3,9,,6,15,,15,25,33
31764096,11,,,7,8,15,11,11,26,,26,33,62
31722288,10,9,9,5,4,,,7,13,,16,21,40
31760694,9,13,12,5,4,,7,8,18,,23,28,52
31743900,,,12,,8,13,9,9,23,20,21,33,51
31730124,8,11,10,5,5,,7,8,19,15,,,40
31736680,7,10,8,,5,10,8,7,,13,,23,40
31746195,6,5,7,,2,7,6,,10,10,13,13,28
31798748,9,13,12,7,7,12,,11,23,,16,33,59
31767583,11,19,,8,9,20,,13,30,21,33,43,75
31790151,12,19,19,10,,18,13,14,26,28,32,40,84
31730396,6,8,7,,3,9,,7,,7,19,20,34
31739310,12,10,12,6,7,19,10,14,25,15,24,33,72
31789412,9,12,14,6,7,14,,,27,16,21,23,54
31791514,8,9,16,4,5,12,,10,,18,17,23,51
31773826,9,11,,8,6,12,10,10,26,18,24,29,61
31783147,6,7,9,,4,12,,9,15,13,17,,40
31706924,8,6,7,,3,9,4,5,,,14,17,30
31767656,,14,16,7,7,,11,12,,22,23,31,60
31769837,,19,18,9,,20,14,13,32,26,33,40,77
31703593,11,15,15,7,8,,12,12,28,,25,,61
31723748,10,12,17,8,9,,14,7,21,21,25,25,66
31781519,10,13,13,7,7,11,10,9,22,18,27,,65
31730760,4,2,0,3,2,7,3,4,6,5,,4,19
31745725,,,,7,7,13,10,10,19,18,22,28,50
31768512,9,12,10,6,5,10,9,9,20,18,19,24,57
31727255,7,9,11,6,,8,8,,16,16,14,22,40
31727239,10,13,13,6,6,13,10,10,23,20,23,28,65
31767001,8,11,12,6,,9,9,8,17,18,,28,51
31781090,10,14,13,7,7,14,,10,24,19,25,31,63
31710557,,12,12,6,6,11,10,10,24,,,31,51
31746284,9,8,7,5,6,6,5,8,10,14,19,,45
31796583,6,13,8,6,5,10,7,8,23,20,23,26,56
31771424,11,16,17,8,8,13,12,10,,24,22,37,76
31797865,9,11,13,5,6,12,10,9,22,,21,30,61
31799426,7,9,9,,4,9,7,7,16,,22,22,45
31781128,,8,8,4,4,9,6,6,,13,,19,33
31777220,9,12,12,6,6,11,9,10,21,17,22,27,60
31701671,9,12,11,6,6,11,10,9,21,18,20,27,60
31709729,6,7,8,3,4,7,6,6,13,11,,16,35
31743536,10,14,13,8,7,,9,11,24,22,,36,65
31745450,10,14,14,6,7,15,8,12,23,21,27,27,69
31717039,7,9,9,4,5,10,7,7,16,13,17,21,45
31724248,,16,16,10,8,,13,12,30,27,24,45,74
31739377,5,9,8,4,3,8,4,6,14,13,13,10,40
31719910,7,10,10,5,5,10,8,8,19,19,,21,52
31778690,7,9,9,4,5,9,7,,12,12,16,22,40
31743773,3,6,6,3,3,5,5,5,10,8,8,13,29
31789447,8,,11,5,5,10,8,8,20,15,17,24,50
31707432,7,9,7,6,0,10,4,,,10,,16,29
31739229,13,,17,10,8,17,13,13,29,27,31,38,80
31749480,10,19,13,6,10,16,14,10,,,,36,60
31739237,7,9,,5,4,11,7,8,17,17,17,19,45
31717225,6,9,,4,3,8,6,7,11,11,,18,35
31754244,14,14,16,6,7,14,11,11,27,22,32,40,78
31714625,8,10,10,,5,10,8,8,,,19,20,40
31750869,13,,17,8,8,,14,14,29,29,29,,73
31736289,7,12,11,5,6,12,9,7,15,17,16,19,52
31724442,9,13,13,,7,13,11,,22,,25,30,56
31788710,8,11,12,5,4,11,8,6,20,,20,25,53
31799612,2,3,3,2,,4,5,3,,7,15,10,22
31757022,5,8,8,3,3,7,6,6,13,14,13,16,40
31767923,7,11,12,8,6,10,9,11,19,19,18,35,62
31712266,10,14,14,,7,13,11,12,27,22,26,29,67
31799965,6,10,10,4,5,10,8,4,11,11,22,27,50
31762158,,15,,7,7,14,11,11,25,,25,33,60
31719856,11,9,15,7,5,12,11,9,20,20,18,27,63
31743846,10,13,13,6,6,13,10,10,23,20,23,29,65
31711286,,,,6,6,11,9,9,19,14,16,29,45
31710891,14,9,,6,5,13,9,8,28,22,15,34,62
31753965,,9,,5,5,,7,7,17,14,14,21,35
31791549,8,9,12,5,7,12,,8,20,20,21,29,54
31739946,12,14,17,8,8,13,7,10,21,22,26,34,73
31734715,6,11,9,5,5,10,,8,19,11,19,,45
31740707,9,13,11,6,6,13,9,,,,21,26,50
31781880,7,9,,5,5,9,6,7,21,18,18,25,45
31754589,,13,13,7,6,13,10,10,25,20,23,30,61
31741738,3,7,5,5,3,11,7,4,,12,13,19,35
31746853,,8,8,4,,8,6,,11,14,14,14,30
31792332,7,8,7,5,5,11,6,6,17,18,17,23,50
31734111,5,8,9,5,5,7,6,9,15,11,16,,45
31731694,9,11,12,6,,12,10,10,20,19,21,26,56
31764231,11,,17,8,8,18,12,12,29,27,26,39,77
31717748,,13,14,7,6,14,,12,29,,25,34,61
31702341,12,16,14,8,8,16,12,12,26,24,26,36,79
31746020,11,10,9,5,,13,9,,17,18,23,30,51
31772374,6,9,10,6,4,9,5,7,17,12,12,21,45
31793657,9,12,12,6,,,9,9,22,18,21,27,51
31724337,6,8,8,4,4,8,6,6,15,13,15,21,40
